store_id,month,sales_mxn,tickets,avg_ticket_mxn
1,2024-01-01,890037.968276686,6302,141.2235805126396
1,2024-02-01,1036737.4780236036,7979,129.9281815437148
1,2024-03-01,1003867.7422041877,10132,99.07842413496483
1,2024-04-01,1071968.95001019,8954,119.71650324814003
1,2024-05-01,1166118.4703154098,9734,119.78702359335286
1,2024-06-01,1095224.6485006292,7990,137.06391088941186
1,2024-07-01,973295.7712320173,7617,127.7762959717187
1,2024-08-01,1119893.922682519,9637,116.19577534723868
1,2024-09-01,804766.4150303109,7355,109.41059772586732
1,2024-10-01,953988.2443662736,6981,136.64182656605533
1,2024-11-01,824455.9416869706,6615,124.61957888152463
1,2024-12-01,1090751.8171406956,9520,114.57396770749723
1,2025-01-01,959098.7467492548,7371,130.10521841114547
1,2025-02-01,1049618.1854414744,7918,132.55868776492676
1,2025-03-01,1020910.3378802178,8467,120.56586957490968
1,2025-04-01,1068488.0432103293,8930,119.65013662769194
1,2025-05-01,1118019.1169957728,7765,143.96801711957795
1,2025-06-01,955281.525234463,8663,110.26145541141467
1,2025-07-01,944249.9597111394,8415,112.20559626377641
1,2025-08-01,912666.5385735618,6743,135.33018804402235
1,2025-09-01,914588.9347340511,7308,125.14750939656753
1,2025-10-01,979170.8108190944,8040,121.7813088064235
1,2025-11-01,960226.6793521036,9558,100.45782409199867
1,2025-12-01,842392.2892876238,6520,129.1994598203888
1,2026-01-01,988459.8291836609,8136,121.49126056257498
1,2026-02-01,915542.4906434314,7656,119.57553197207635
1,2026-03-01,1162004.527067182,8543,136.0071019259615
1,2026-04-01,1040120.2772522704,9453,110.02583544514266
1,2026-05-01,1069748.153730581,9264,115.46952062965292
1,2026-06-01,916209.5005574991,6755,135.62850420903595
2,2024-01-01,829510.8210739172,8224,100.8603418934753
2,2024-02-01,800243.1536776344,5961,134.23024087709507
2,2024-03-01,700871.0480182319,6733,104.09057649296103
2,2024-04-01,749452.9173030345,6191,121.0505437713133
2,2024-05-01,629844.0472899157,6299,99.98346045570311
2,2024-06-01,709759.4422645023,5685,124.82763320514869
2,2024-07-01,720783.7963578419,6537,110.25568232332162
2,2024-08-01,578324.3131475279,4134,139.8652469333287
2,2024-09-01,711559.6116261808,5508,129.1807737445309
2,2024-10-01,650801.3680677215,4572,142.33104483233478
2,2024-11-01,682443.1558447138,6715,101.62868702279866
2,2024-12-01,548193.6044566159,4429,123.75676429804125
2,2025-01-01,792245.0884289433,6886,115.0506138184824
2,2025-02-01,786228.4406941178,5945,132.23150315926773
2,2025-03-01,832043.2401811534,5773,144.12156178270249
2,2025-04-01,724925.1266808184,7010,103.40583836059494
2,2025-05-01,905170.6682251558,7749,116.80536698294895
2,2025-06-01,643298.174811726,5856,109.83656489552948
2,2025-07-01,749554.1682675912,5875,127.58212805394777
2,2025-08-01,635149.0925712672,4451,142.69484666249082
2,2025-09-01,681064.3448277307,5059,134.61038913987528
2,2025-10-01,616019.6838139772,5689,108.26787619704236
2,2025-11-01,661847.645158901,5875,112.64961852077758
2,2025-12-01,681867.8154282857,4744,143.7115988246401
2,2026-01-01,753759.5514899576,6388,117.97984619802372
2,2026-02-01,783081.2006190779,7951,98.48674585997226
2,2026-03-01,717490.1966136672,5882,121.97254855974926
2,2026-04-01,803047.2527653847,8109,99.02163863470312
2,2026-05-01,630218.5664349067,5682,110.91068203565645
2,2026-06-01,777065.851550896,6086,127.67616307868671
3,2024-01-01,1059021.323969636,8377,126.4140745347229
3,2024-02-01,1178899.7251658654,8444,139.60377449284826
3,2024-03-01,1228214.9180962138,12697,96.72725093824813
3,2024-04-01,1247655.9328200934,8946,139.45993026943307
3,2024-05-01,1240419.609742319,11078,111.9698735701149
3,2024-06-01,1058936.2473967634,7593,139.4494869289752
3,2024-07-01,1244592.9894148943,9467,131.4661195123068
3,2024-08-01,1108709.5137351814,7975,139.02083321377503
3,2024-09-01,997318.7760908674,8172,122.02689091010133
3,2024-10-01,1025255.3465113048,10573,96.96018169853947
3,2024-11-01,1079208.0185991966,8943,120.67446749814823
3,2024-12-01,1309261.2903357283,9566,136.8625382093876
3,2025-01-01,1206656.0690987601,10722,112.53811551241807
3,2025-02-01,1180350.026429999,10309,114.48648220646797
3,2025-03-01,1319298.9833081563,11460,115.11324027263366
3,2025-04-01,1247601.989731508,9792,127.40355787753958
3,2025-05-01,1145822.4158217332,10427,109.88469005921411
3,2025-06-01,1193634.235011906,10938,109.118140316136
3,2025-07-01,1231225.7160249793,10620,115.92699383463707
3,2025-08-01,1209245.3175493097,9168,131.8975686690298
3,2025-09-01,1005662.1200326687,8475,118.66134224807666
3,2025-10-01,1131294.2363260079,8636,130.9939638962591
3,2025-11-01,1043407.6053070417,8656,120.52961979100607
3,2025-12-01,1013979.9011752268,8304,122.09847040583648
3,2026-01-01,1251397.8007094334,10091,124.00261631764005
3,2026-02-01,1219145.6334984612,9305,131.01778212074407
3,2026-03-01,1190310.9879574832,9706,122.62402043324167
3,2026-04-01,1170425.2437288098,9436,124.03031280627023
3,2026-05-01,1241561.5785977286,9818,126.44671668664978
3,2026-06-01,1352345.521045781,13629,99.21942171161328
4,2024-01-01,1013410.0740123527,8643,117.2492479534452
4,2024-02-01,977394.0791907264,9386,104.12499160340957
4,2024-03-01,1191108.4898123161,8970,132.78609791304103
4,2024-04-01,1093515.7523747268,10740,101.81546231082837
4,2024-05-01,1118149.0726637538,9082,123.11603239658393
4,2024-06-01,952590.8636550739,8171,116.5743026466572
4,2024-07-01,1036386.6698708388,8966,115.58292471206333
4,2024-08-01,789859.2459922811,8187,96.47284965032158
4,2024-09-01,845666.7713943156,8335,101.45505804240351
4,2024-10-01,1052507.7120853807,9266,113.58179132274398
4,2024-11-01,979316.8289079985,9954,98.37682829096916
4,2024-12-01,1025996.8055850192,7871,130.34146033899316
4,2025-01-01,979075.9044358933,8214,119.18625478236055
4,2025-02-01,1022420.156630945,8599,118.89176745329597
4,2025-03-01,1103575.4227458395,8103,136.18552822019495
4,2025-04-01,1045908.9361500235,9003,116.16654345550427
4,2025-05-01,1233317.6672514363,10745,114.77721912143886
4,2025-06-01,1104309.018024788,9335,118.2917882305084
4,2025-07-01,1060692.005417651,10264,103.33868593423702
4,2025-08-01,1005528.8550611374,7531,133.50583441783917
4,2025-09-01,983357.6445066753,8816,111.53958255922547
4,2025-10-01,906799.8387890635,8225,110.24710227154259
4,2025-11-01,984043.0910348827,9623,102.25446336566138
4,2025-12-01,959286.7659271582,7435,129.00785301736516
4,2026-01-01,1038493.4426815618,10441,99.45503942991053
4,2026-02-01,1085821.1090139437,8431,128.7767234652948
4,2026-03-01,1239396.3712595066,12662,97.88016091385956
4,2026-04-01,1217836.946910085,10655,114.29112272844104
4,2026-05-01,1043390.9278929819,8458,123.35409759912119
4,2026-06-01,1097749.0266467936,11416,96.15772223242313
5,2024-01-01,869882.3577891095,6340,137.20513270858578
5,2024-02-01,915436.4577547653,6449,141.93830008369486
5,2024-03-01,1025394.9087346968,8241,124.41620881873256
5,2024-04-01,1107665.5346674444,10864,101.95537646244748
5,2024-05-01,1004622.0753848939,8841,113.62370897423037
5,2024-06-01,928269.8849775793,7408,125.29871655374787
5,2024-07-01,739156.1998385531,7751,95.35672941995061
5,2024-08-01,863910.0630320754,8391,102.95600030920865
5,2024-09-01,785209.5923731894,5588,140.50303143432433
5,2024-10-01,762075.8575241178,6073,125.4832244451569
5,2024-11-01,663575.1476163887,4876,136.06581727374973
5,2024-12-01,739584.7084382367,6424,115.11735281891383
5,2025-01-01,887481.1331872565,8434,105.22633617170656
5,2025-02-01,909186.2216603368,6303,144.22380232765653
5,2025-03-01,997318.1422523556,9249,107.82826055019294
5,2025-04-01,1115890.2206700966,8909,125.24770654697657
5,2025-05-01,878831.0796729344,6261,140.3525260242135
5,2025-06-01,945850.1302690391,8315,113.74431474514688
5,2025-07-01,936714.1670504312,7433,126.0091373436488
5,2025-08-01,804164.7858481662,8228,97.73434733323798
5,2025-09-01,799417.9410534962,5679,140.7545584731159
5,2025-10-01,714103.4353001085,5789,123.34492752369059
5,2025-11-01,830071.5212914782,5810,142.84545126821968
5,2025-12-01,894738.1195479389,7394,121.00380354083305
5,2026-01-01,795677.1396591478,8141,97.73007452048918
5,2026-02-01,931084.0720579398,8927,104.29519869390201
5,2026-03-01,974073.7946076763,7297,133.4728912191828
5,2026-04-01,888388.4116493638,7762,114.45243381541354
5,2026-05-01,900657.2854890006,7294,123.46798291229287
5,2026-06-01,843109.7203684286,8405,100.30176268948168
6,2024-01-01,1008660.5135654301,7433,135.69420117754785
6,2024-02-01,1046392.0688815576,7251,144.3037225403248
6,2024-03-01,1087673.2882628404,7828,138.94359384388605
6,2024-04-01,1099735.039333412,7960,138.14386874587325
6,2024-05-01,892660.1359069286,6197,144.02832221365748
6,2024-06-01,,6816,137.04458867751467
6,2024-07-01,999772.378278154,7480,133.6467233050028
6,2024-08-01,979041.5738176819,8860,110.49938373176904
6,2024-09-01,822784.932647627,6692,122.94132173237931
6,2024-10-01,881892.9651370039,8244,106.96421347278297
6,2024-11-01,912640.3839477802,9102,100.26723240414826
6,2024-12-01,939477.2957758365,7435,126.34792117317127
6,2025-01-01,1012273.3672009783,7604,133.1147036414191
6,2025-02-01,986513.9203101974,8776,112.40939655674757
6,2025-03-01,911683.0004985946,7038,129.51980671423098
6,2025-04-01,974829.3768816127,10191,95.64872977401313
6,2025-05-01,1055734.2966438076,7562,139.59235769391185
6,2025-06-01,956133.9105699568,6694,142.82793386275594
6,2025-07-01,945624.302165556,6705,141.01633699176148
6,2025-08-01,943690.4534328196,8967,105.23085621985757
6,2025-09-01,799643.0355915538,6475,123.48362631195344
6,2025-10-01,891861.1728612364,8079,110.38221408068253
6,2025-11-01,844383.717992064,7648,110.39476693313534
6,2025-12-01,977262.3003567297,6981,139.97039436082602
6,2026-01-01,846015.8535506346,6258,135.1732069435059
6,2026-02-01,884533.9021175683,8415,105.10871926226933
6,2026-03-01,916132.111748871,9039,101.3502790483528
6,2026-04-01,950216.9964596463,6966,136.39103592747196
6,2026-05-01,1106804.8807160957,10183,108.68732247202695
6,2026-06-01,938609.1643100206,7795,120.40653997729692
7,2024-01-01,906784.6094444507,6543,138.57160623520724
7,2024-02-01,995930.9150164658,8911,111.76191533075628
7,2024-03-01,960760.4317475186,9446,101.70994481306971
7,2024-04-01,842497.4060782354,6225,135.33973132562932
7,2024-05-01,968068.2138129215,8223,117.71780729488539
7,2024-06-01,957038.268301807,7467,128.16424990637154
7,2024-07-01,913624.7037906761,6460,141.41584099642398
7,2024-08-01,841842.7181335143,6741,124.87674419794662
7,2024-09-01,824377.3084486092,6458,127.63287411862923
7,2024-10-01,824872.1323748528,6922,119.16555547250171
7,2024-11-01,859102.9037767232,7341,117.01879174706264
7,2024-12-01,816554.2465634054,6866,118.9202594265564
7,2025-01-01,785613.1957454324,7758,101.257659802551
7,2025-02-01,982967.1454543968,7690,127.82156723235812
7,2025-03-01,873324.6797684683,7094,123.09467695356538
7,2025-04-01,847516.4878822172,6182,137.07836092698162
7,2025-05-01,951598.2581767847,6749,140.98879223753883
7,2025-06-01,930475.9168948119,6464,143.92632622601158
7,2025-07-01,806324.7126170051,5584,144.38918693438202
7,2025-08-01,786848.7213786874,7773,101.2246894612823
7,2025-09-01,865335.4465016464,8074,107.16404249210018
7,2025-10-01,883351.4213529988,7749,113.99017219505018
7,2025-11-01,900958.3381422268,9339,96.47200643248489
7,2025-12-01,747766.7404767699,6183,120.9282653611396
7,2026-01-01,883535.8412828968,7203,122.64657287081478
7,2026-02-01,814723.5129073523,7014,116.14291687914353
7,2026-03-01,995833.9994689758,8091,123.06968055511305
7,2026-04-01,839051.5820575756,8150,102.94330503723918
7,2026-05-01,822057.0827736239,7751,106.04642225175371
7,2026-06-01,838373.7851160074,6005,139.59339753426295
8,2024-01-01,955983.5929182598,8089,118.17675086686754
8,2024-02-01,864043.4657509241,8053,107.28318305834748
8,2024-03-01,979817.8976184571,6760,144.9336399573723
8,2024-04-01,924067.0550528187,7390,125.03577892323753
8,2024-05-01,989954.5855202236,7021,140.9961999821586
8,2024-06-01,917117.6876116989,7976,114.9807253506221
8,2024-07-01,914781.5435073511,7189,127.24250220146583
8,2024-08-01,742961.0785576823,6202,119.77644240980509
8,2024-09-01,711650.968850275,5657,125.7947307703502
8,2024-10-01,824708.5644901535,7034,117.23781781556735
8,2024-11-01,768090.619167926,7610,100.92594929117408
8,2024-12-01,880690.9457430481,8292,106.20066529232594
8,2025-01-01,894407.3231457938,7244,123.46527225079136
8,2025-02-01,937138.6488491371,8325,112.56737746441486
8,2025-03-01,832194.2393379533,6379,130.45350746827648
8,2025-04-01,950002.3406424742,9088,104.52815184149051
8,2025-05-01,844967.3232543621,8874,95.21228211628262
8,2025-06-01,800072.3860530142,6890,116.11497158718406
8,2025-07-01,823222.500098333,7192,114.45927681162814
8,2025-08-01,831894.3343051485,6170,134.8190841440706
8,2025-09-01,621619.2470239786,5266,118.0336470470651
8,2025-10-01,838713.9014657752,6089,137.73610686450343
8,2025-11-01,770183.2670343365,5825,132.21641967831943
8,2025-12-01,756172.9781779492,5990,126.23071230790829
8,2026-01-01,863657.6434085511,7116,121.35366799216803
8,2026-02-01,866015.2065021157,6945,124.69189507709318
8,2026-03-01,992090.212827597,9222,107.56844141148632
8,2026-04-01,945745.9624522172,8505,111.19267012146952
8,2026-05-01,1002651.191739981,9853,101.75586759843318
8,2026-06-01,936128.6013224984,8245,113.52891352071977
9,2024-01-01,1223948.772529653,9544,128.2404518962465
9,2024-02-01,1189472.2176072232,10107,117.67636397613907
9,2024-03-01,1262472.7558384347,10360,121.84858057053427
9,2024-04-01,1058702.6049419786,8640,122.5221014585172
9,2024-05-01,1225083.407868997,8955,136.79831102986395
9,2024-06-01,1087329.1780322106,9563,113.69890081250772
9,2024-07-01,1131918.2927804983,10474,108.06135643648923
9,2024-08-01,1130283.4308518567,7891,143.22313088129738
9,2024-09-01,953659.6488011854,9758,97.7300626300209
9,2024-10-01,851157.8707658752,6979,121.95846790248893
9,2024-11-01,976848.2705755201,7365,132.62553346849313
9,2024-12-01,1022163.3546480365,7355,138.9737698984615
9,2025-01-01,1141252.6972475227,11024,103.52307387053666
9,2025-02-01,959271.3606950573,6993,137.15675993597458
9,2025-03-01,1301827.1140725967,9090,143.20145577891236
9,2025-04-01,1014892.8975646908,7871,128.9295342183682
9,2025-05-01,1124688.2376360206,8880,126.64155183250736
9,2025-06-01,1112042.0376633129,9941,111.8593765222732
9,2025-07-01,1135330.5148148332,9404,120.71904338347592
9,2025-08-01,1003104.3049541949,8912,112.54426856496245
9,2025-09-01,944540.1367782429,6993,135.0516181269257
9,2025-10-01,1030699.6259787023,7523,137.000244776123
9,2025-11-01,891412.5902478291,6439,138.43421341307038
9,2025-12-01,976873.281548849,6759,144.52273128718588
9,2026-01-01,1109106.4490910908,8616,128.7180204598871
9,2026-02-01,1033456.4883274225,8541,120.98938203380708
9,2026-03-01,1334045.5861190795,9914,134.55986756984674
9,2026-04-01,1208247.6140475108,12533,96.40477118509705
9,2026-05-01,1137392.1638852332,9712,117.11067610367373
9,2026-06-01,1119569.2455322635,7810,143.33247745971988
10,2024-01-01,816151.5376682046,7895,103.36375684862699
10,2024-02-01,1059530.0860133644,10591,100.03120865650162
10,2024-03-01,1088680.7255818874,8193,132.86424618971736
10,2024-04-01,900207.5994573372,6859,131.2374961180917
10,2024-05-01,1113957.6843970006,9884,112.69709777094963
10,2024-06-01,1138586.0772558432,9701,117.36606722502536
10,2024-07-01,965393.3415028863,7939,121.59215491656539
10,2024-08-01,947063.3238993423,6893,137.3912057232839
10,2024-09-01,892828.6729760428,7590,117.62543992983065
10,2024-10-01,991186.2747655533,7221,137.24610102248187
10,2024-11-01,821808.7660862823,7302,112.54269301527701
10,2024-12-01,849606.499182837,6326,134.28625970452802
10,2025-01-01,1003011.807426286,8760,114.497926148243
10,2025-02-01,981983.6533147736,7374,133.16318402576852
10,2025-03-01,1194362.626872497,10532,113.39393239243856
10,2025-04-01,907946.5026906093,8996,100.91942177285526
10,2025-05-01,1009667.0392534616,8806,114.65263940256425
10,2025-06-01,1123513.5404028466,8800,127.67066138251624
10,2025-07-01,896579.7032077655,6785,132.12303812630807
10,2025-08-01,760368.313223844,5631,135.01510109052026
10,2025-09-01,859180.8500897747,7864,109.24297219101075
10,2025-10-01,908538.4212415725,7329,123.95432138704493
10,2025-11-01,1013224.5546913522,7957,127.32718910053069
10,2025-12-01,986331.0704174861,8566,115.13235114050661
10,2026-01-01,1026061.0696712272,7208,142.34901028440635
10,2026-02-01,983362.2106603702,9159,107.36318098000044
10,2026-03-01,957128.9992871912,6737,142.06593098324524
10,2026-04-01,1135103.1595713047,9666,117.4302230005787
10,2026-05-01,968878.5843400616,6992,138.56603700261414
10,2026-06-01,1066383.6585289265,9324,114.36498021781844
11,2024-01-01,1116878.6002243606,8077,138.26202735493212
11,2024-02-01,1358045.3533084276,10050,135.11683228386045
11,2024-03-01,1308033.435553391,11978,109.19983020801043
11,2024-04-01,972521.2694620498,8856,109.81328757294996
11,2024-05-01,1172167.772814213,9339,125.51147672261989
11,2024-06-01,1114351.9025476007,8267,134.78628547578583
11,2024-07-01,1015238.5585101099,7472,135.86333573392494
11,2024-08-01,1117102.1216740832,11482,97.28324252308005
11,2024-09-01,1035281.3078340485,9850,105.09537698078661
11,2024-10-01,1010582.9987614969,7187,140.5945047065061
11,2024-11-01,1077498.2603520618,9723,110.8192810897824
11,2024-12-01,1015474.2322448228,8221,123.5187057251575
11,2025-01-01,1006409.7931017886,8052,124.98709891690531
11,2025-02-01,1259288.148597697,12325,102.16652066583316
11,2025-03-01,1177075.377220805,10538,111.69710566579084
11,2025-04-01,,9693,126.0425808094962
11,2025-05-01,1224354.2228389466,8776,139.50961880212736
11,2025-06-01,1180598.9900659004,8365,141.1278626261923
11,2025-07-01,1189998.4939778415,9190,129.48145093796387
11,2025-08-01,1085856.574659742,10726,101.22806883137713
11,2025-09-01,1038361.1816816116,10409,99.75302193780992
11,2025-10-01,1075065.2405885507,9406,114.28647557944107
11,2025-11-01,1140054.6571407756,11072,102.96083504659184
11,2025-12-01,939139.9983695127,9286,101.12501602652347
11,2026-01-01,1104111.1138081767,7970,138.5330936529981
11,2026-02-01,975874.255542782,7451,130.97033168929732
11,2026-03-01,1222894.1180585786,8538,143.21563428387208
11,2026-04-01,1117054.0240862756,8429,132.52330524293384
11,2026-05-01,1149046.84635205,8300,138.43907811603444
11,2026-06-01,981385.580042591,8566,114.55695578804311
12,2024-01-01,715601.3810949667,6797,105.27774042566155
12,2024-02-01,711378.8973406795,6439,110.46296826828613
12,2024-03-01,841037.109352518,7774,108.17902058949524
12,2024-04-01,836857.9708590667,6147,136.12748653817684
12,2024-05-01,824343.8612253192,5836,141.25012072131824
12,2024-06-01,735166.4614874254,5237,140.3529749120923
12,2024-07-01,769716.8099109211,6070,126.7973027893505
12,2024-08-01,731682.8322745725,5052,144.80966365133332
12,2024-09-01,716866.1806998596,6079,117.91740059929924
12,2024-10-01,611241.1033283053,4676,130.70283964206945
12,2024-11-01,717196.98808985,5049,142.02779068214508
12,2024-12-01,559505.1263852263,4765,117.41107414663081
12,2025-01-01,679450.6602953802,5098,133.25508819980195
12,2025-02-01,745661.181127695,6118,121.87828689590265
12,2025-03-01,837148.1944837131,6029,138.83090859299128
12,2025-04-01,883154.9768888929,8922,98.98480867709446
12,2025-05-01,686081.5988890129,4975,137.89546004059488
12,2025-06-01,658879.1499973244,5862,112.38266178086946
12,2025-07-01,747295.4624262472,6992,106.87665516481268
12,2025-08-01,759387.0203318783,7009,108.33723757321793
12,2025-09-01,705747.4267369198,5903,119.54950191253846
12,2025-10-01,728047.4089742082,5186,140.36322076553208
12,2025-11-01,679550.7613849792,5316,127.82383028732133
12,2025-12-01,636334.7304931931,4475,142.1913529912464
12,2026-01-01,747990.631438232,6008,124.49567008138334
12,2026-02-01,871645.776354374,6872,126.83782064346266
12,2026-03-01,679854.4327949513,5295,128.38452142296796
12,2026-04-01,741407.0029887413,6638,111.69059552468266
12,2026-05-01,835010.9406146262,7542,110.71305585877438
12,2026-06-01,673264.8342872316,4941,136.24290743249833
13,2024-01-01,976899.6382503456,7396,132.06912299511808
13,2024-02-01,932348.194701304,6796,137.18249696563723
13,2024-03-01,1011131.3716030673,8270,122.26331334376322
13,2024-04-01,1161161.76224506,9426,123.1863542273402
13,2024-05-01,1119585.2067620915,11724,95.48843772562029
13,2024-06-01,936847.2930376588,8012,116.92911340750896
13,2024-07-01,896010.1715412698,6880,130.22678468557868
13,2024-08-01,918907.4827779994,7911,116.14461555440772
13,2024-09-01,879441.0622112148,7398,118.86415220995497
13,2024-10-01,799299.3613819851,7340,108.89126096154233
13,2024-11-01,848267.4419311496,7454,113.79929396345877
13,2024-12-01,927795.513360281,6665,139.19704252697468
13,2025-01-01,846865.1421020413,6250,135.48828030337137
13,2025-02-01,1118415.798357161,9362,119.45096613740897
13,2025-03-01,1063053.3382227055,8901,119.41804292548272
13,2025-04-01,1131479.8701713386,8232,137.4477448473396
13,2025-05-01,1068441.6160626581,7832,136.4173740887862
13,2025-06-01,1093222.405101673,9289,117.68457153630635
13,2025-07-01,904081.1248279224,7866,114.92436504772635
13,2025-08-01,939067.0685031309,7166,131.044277226992
13,2025-09-01,852636.9672257043,7258,117.47411244945167
13,2025-10-01,772627.5118721004,6993,110.47740424776123
13,2025-11-01,880578.5278797353,7625,115.47316442962507
13,2025-12-01,976533.6910486748,7556,129.23400933712512
13,2026-01-01,862659.5577321894,7211,119.62777277469729
13,2026-02-01,1075206.7478188511,8117,132.44898171045395
13,2026-03-01,1034244.6070482025,9628,107.41758218267555
13,2026-04-01,1034131.0125736498,9003,114.8538166319074
13,2026-05-01,885765.4727235375,8182,108.25128453627421
13,2026-06-01,898879.9481125696,7847,114.54408529831164
14,2024-01-01,781429.295925162,6601,118.37656888618584
14,2024-02-01,791393.9890779195,6914,114.45019364048984
14,2024-03-01,,8894,109.88560435249617
14,2024-04-01,813095.2141097878,6958,116.84852818162562
14,2024-05-01,864896.680676387,7181,120.43875137366756
14,2024-06-01,893756.0985379477,6472,138.08336041562433
14,2024-07-01,842162.2190754276,6946,121.24148356850455
14,2024-08-01,728243.5954842943,5578,130.54724774678232
14,2024-09-01,725759.8573907126,6282,115.51358281586802
14,2024-10-01,731993.4271257718,6677,109.61443650338175
14,2024-11-01,689066.7016314294,5177,133.0797198104174
14,2024-12-01,769156.3947464362,6640,115.8311442486777
14,2025-01-01,793566.2740515707,6752,117.51900548300952
14,2025-02-01,864632.6589571139,6311,137.00147782313968
14,2025-03-01,963555.8081659906,7740,124.4884929706599
14,2025-04-01,773528.3071070822,5640,137.1308261515436
14,2025-05-01,827662.5363193203,5946,139.18489229920718
14,2025-06-01,728738.0313494244,5544,131.43536981438433
14,2025-07-01,879332.4678733355,8043,109.32239143401588
14,2025-08-01,788284.9412417536,6786,116.14930815710383
14,2025-09-01,744504.6378659975,5139,144.86884822533239
14,2025-10-01,690348.6450608677,4994,138.2348510138522
14,2025-11-01,742585.8903504028,7192,103.24995024434406
14,2025-12-01,760896.8880751873,6329,120.22349065422388
14,2026-01-01,751432.6091671964,5588,134.44979845487055
14,2026-02-01,834343.9874238451,8025,103.96718242731666
14,2026-03-01,924727.1961709026,9063,102.03113068445455
14,2026-04-01,775319.4131265248,6087,127.37107663037845
14,2026-05-01,910937.9648725697,7810,116.63222410547786
14,2026-06-01,766517.9587534602,5509,139.12325550398174
15,2024-01-01,546525.1784757976,4226,129.3026384217204
15,2024-02-01,493632.2074699926,3477,141.93884689027686
15,2024-03-01,468871.7055095117,4881,96.05376911117854
15,2024-04-01,558887.1780329515,4877,114.58663784415029
15,2024-05-01,534112.3399708478,4480,119.19605410176123
15,2024-06-01,480436.79280736553,3636,132.10166332851796
15,2024-07-01,481664.75718054245,4210,114.39599139226279
15,2024-08-01,381392.0150643852,3619,105.3806229023384
15,2024-09-01,448904.27773877815,3471,129.32304183868143
15,2024-10-01,502509.1435663948,4809,104.49203426772434
15,2024-11-01,357362.57913611893,3319,107.66342875129294
15,2024-12-01,422191.4784289202,3094,136.41262368574743
15,2025-01-01,503589.4274462458,3641,138.28892901590527
15,2025-02-01,480885.4567136461,3972,121.04396940000619
15,2025-03-01,485381.010818062,4603,105.43849550475545
15,2025-04-01,519550.3360451195,4319,120.29014351734725
15,2025-05-01,445253.4783841317,4523,98.43466531321339
15,2025-06-01,490662.68889904325,4145,118.35207315852365
15,2025-07-01,414718.01634448767,3324,124.73625183385263
15,2025-08-01,473786.4749564377,4311,109.89816653917495
15,2025-09-01,400787.5403931989,3686,108.7146380410369
15,2025-10-01,412059.57838026737,4132,99.72054400515398
15,2025-11-01,466544.47993546905,3971,117.46782418476846
15,2025-12-01,401635.2443821328,2781,144.4011312818365
15,2026-01-01,505792.3966304341,4227,119.64965356952888
15,2026-02-01,522312.9483922457,3892,134.19391087421891
15,2026-03-01,498829.9058272086,4194,118.9262233928675
15,2026-04-01,527644.8665727504,4492,117.44900272021279
15,2026-05-01,487263.8686578109,4530,107.56277729030808
15,2026-06-01,,3806,128.0014443839714
16,2024-01-01,850340.7635542916,7842,108.42471985318998
16,2024-02-01,865774.4303836692,7780,111.26892401220661
16,2024-03-01,958659.5396820102,9975,96.0966013174728
16,2024-04-01,973614.9008455055,7606,127.99681986061461
16,2024-05-01,921379.9340545791,8950,102.94072615542211
16,2024-06-01,763164.8815042117,5816,131.2119765262014
16,2024-07-01,876336.6935764416,6499,134.83390880863038
16,2024-08-01,794092.4492178186,6223,127.58693287665173
16,2024-09-01,795467.0393531773,6466,123.00682199477323
16,2024-10-01,735074.7169329755,5780,127.1603542976254
16,2024-11-01,766023.3351694577,5944,128.85316169689884
16,2024-12-01,686187.8736700584,5925,115.79525740303379
16,2025-01-01,837443.6507723869,5961,140.4811298275589
16,2025-02-01,824226.5025592495,7270,113.3658971801627
16,2025-03-01,981242.1700656945,7754,126.5355764776153
16,2025-04-01,880544.598740827,6377,138.0707321272529
16,2025-05-01,932299.7929620359,8058,115.6964230945864
16,2025-06-01,775791.8495290682,5743,135.07763249010534
16,2025-07-01,654655.4540692227,5536,118.23697260768782
16,2025-08-01,747064.7817013698,6224,120.01435658765845
16,2025-09-01,885871.0322792563,8909,99.43009407764272
16,2025-10-01,731333.7149222986,6817,107.2724946388126
16,2025-11-01,738237.4091789637,6798,108.58494631770472
16,2025-12-01,830304.9392850471,8157,101.78546582669766
16,2026-01-01,793452.2420311489,7530,105.36547885377735
16,2026-02-01,914869.2502143125,9519,96.10762240099953
16,2026-03-01,855345.0278805572,6992,122.33116884822294
16,2026-04-01,957973.0171716835,7490,127.89018777884715
16,2026-05-01,879389.4264296949,6350,138.48580799203262
16,2026-06-01,821986.8559862258,7299,112.61317875839308
17,2024-01-01,1176688.8960438657,8161,144.17956627875614
17,2024-02-01,1182697.3534572609,10790,109.60734327987808
17,2024-03-01,1248221.0880253792,10407,119.93849923925686
17,2024-04-01,1377258.5795900233,11206,122.89324525061423
17,2024-05-01,1096010.871871107,8236,133.06288577991927
17,2024-06-01,1359808.4582513068,10825,125.61065763039835
17,2024-07-01,1142105.1726829207,11979,95.33855454183889
17,2024-08-01,1155968.2398147555,11357,101.78161729209289
17,2024-09-01,942518.5866902287,7273,129.57882729646835
17,2024-10-01,971239.6145561043,6839,142.00348181359814
17,2024-11-01,1016901.403886702,9585,106.0894881861111
17,2024-12-01,1104734.0006791155,10075,109.64831039104772
17,2025-01-01,1053350.0890882043,9205,114.42600010087892
17,2025-02-01,1232753.5099268388,9634,127.94594148588206
17,2025-03-01,1149519.4480320897,11992,95.85087804079062
17,2025-04-01,1238494.359763933,9736,127.19704877753023
17,2025-05-01,1439222.0115718534,11361,126.68009524182949
17,2025-06-01,1291335.775258541,9897,130.47031619336792
17,2025-07-01,1136406.8650396168,8523,133.3340688489452
17,2025-08-01,1095700.0460886075,10889,100.62146980884839
17,2025-09-01,1119451.7300797715,11200,99.94297570301939
17,2025-10-01,1038149.5718892348,7708,134.6801356306682
17,2025-11-01,995680.2417880436,7838,127.03109830963554
17,2025-12-01,1147654.041556952,8612,133.25058448800712
17,2026-01-01,1239908.127030808,9476,130.83707369082944
17,2026-02-01,1277070.0039397448,8939,142.8548320321114
17,2026-03-01,1446914.8596634073,13157,109.96665026522753
17,2026-04-01,1177514.424282761,10245,114.92681834594292
17,2026-05-01,1351140.1752567138,13809,97.83924552647046
17,2026-06-01,1206358.743881476,12249,98.48387692585229
18,2024-01-01,731636.213197864,6866,106.54963134775822
18,2024-02-01,882712.9406970884,7974,110.68502708245708
18,2024-03-01,961307.8754250113,7207,133.3826478453664
18,2024-04-01,979380.459020102,8571,114.25932986922336
18,2024-05-01,1051975.3935217722,8988,117.04051994953343
18,2024-06-01,1020946.6138016714,7902,129.18527515310444
18,2024-07-01,875055.7052324683,7394,118.34319425169467
18,2024-08-01,702371.3924064594,4937,142.25041350411715
18,2024-09-01,745563.2353121717,7817,95.36779649986562
18,2024-10-01,922397.5576311466,7358,125.3567847094747
18,2024-11-01,880969.2040084522,6886,127.92150279132701
18,2024-12-01,765862.0357905499,7184,106.60561472421637
18,2025-01-01,849365.6540680996,8375,101.41519095322153
18,2025-02-01,877303.9869270162,7056,124.32383961602486
18,2025-03-01,922342.8063714452,7126,129.4291235032776
18,2025-04-01,975095.4344810112,7044,138.42363586353366
18,2025-05-01,966928.5760490341,8974,107.74343009177807
18,2025-06-01,1043543.7086266438,10746,97.10338554026022
18,2025-07-01,822047.7482988844,5779,142.23718494036382
18,2025-08-01,731319.717940673,6682,109.43543410167591
18,2025-09-01,724126.2864317264,5469,132.3957662559222
18,2025-10-01,766348.352745989,5762,132.99837755237502
18,2025-11-01,761685.0491720837,5586,136.34535149957387
18,2025-12-01,773330.7154575405,5970,129.51585356728918
18,2026-01-01,784914.2913013076,5480,143.22292251041628
18,2026-02-01,921346.9869492752,6911,133.30683568415424
18,2026-03-01,944900.262796328,9411,100.40220619409075
18,2026-04-01,911396.343490822,6820,133.63079707065273
18,2026-05-01,1014223.1162463749,10218,99.25836074387185
18,2026-06-01,967274.1953554872,9556,101.2130219915563
19,2024-01-01,575068.1289957578,4336,132.62543078807346
19,2024-02-01,771310.6928381993,5790,133.2126868320118
19,2024-03-01,773459.1350404504,5800,133.3409151807082
19,2024-04-01,731305.4240397044,5831,125.40635367240175
19,2024-05-01,659743.4533241213,5855,112.66133264808057
19,2024-06-01,620695.3227899363,4398,141.122360901863
19,2024-07-01,693379.4130313182,5664,122.40124384509193
19,2024-08-01,619304.4941717144,4322,143.27211573856283
19,2024-09-01,601990.7758020245,5185,116.08973799030731
19,2024-10-01,527605.8561590019,3945,133.73259018707842
19,2024-11-01,663945.2695974443,5476,121.22662143635705
19,2024-12-01,555558.0542301739,5753,96.55735399795913
19,2025-01-01,765425.558244687,6859,111.5899274834876
19,2025-02-01,652099.8814327882,5328,122.38026818961535
19,2025-03-01,683524.5248032521,6589,103.72737006302567
19,2025-04-01,690604.7878030803,5821,118.62730803077643
19,2025-05-01,679116.3621757008,4729,143.59127037187778
19,2025-06-01,583302.5824404032,4791,121.73541219912963
19,2025-07-01,669266.3629960655,5301,126.24976415103865
19,2025-08-01,703608.8156513113,5956,118.11563124952525
19,2025-09-01,644538.4269513898,4465,144.32235619300207
19,2025-10-01,577790.628759288,5721,100.97874988899282
19,2025-11-01,496974.035676418,4299,115.58278462905801
19,2025-12-01,671226.181978995,4896,137.0967862921441
19,2026-01-01,637736.1183840384,5045,126.40918495259643
19,2026-02-01,687567.8443129103,4859,141.4877655691402
19,2026-03-01,611723.3055683558,6184,98.90603323820261
19,2026-04-01,716590.9789765094,6408,111.81747643245141
19,2026-05-01,707606.5859550898,5435,130.17467463873663
19,2026-06-01,731283.9477344092,5704,128.19375556174066
20,2024-01-01,574094.0651659265,5035,114.00127036306232
20,2024-02-01,627930.0672702288,6256,100.35857414292789
20,2024-03-01,682714.1349755739,5456,125.12834043473458
20,2024-04-01,594822.2425049952,5558,107.02079956661449
20,2024-05-01,602468.3810591716,5231,115.16997808230239
20,2024-06-01,594820.8866657675,5815,102.28700838690865
20,2024-07-01,577677.398626333,5672,101.83772614425412
20,2024-08-01,582804.7941434927,5464,106.6560188906014
20,2024-09-01,592733.7128489602,4212,140.71443932802174
20,2024-10-01,514394.63733662677,4188,122.81998869403114
20,2024-11-01,571229.785469465,5845,97.72340633507602
20,2024-12-01,609165.1281792839,4626,131.6552557260093
20,2025-01-01,611289.1625574004,5936,102.97391652658702
20,2025-02-01,671218.4593839459,4641,144.60865205158498
20,2025-03-01,629016.8517573862,4681,134.37006277108
20,2025-04-01,722435.8888292734,5951,121.38167473261461
20,2025-05-01,691659.0186162959,5209,132.77079198600785
20,2025-06-01,667490.2087499542,6938,96.19846515076243
20,2025-07-01,629705.8766580612,6200,101.56076067914222
20,2025-08-01,589511.2100500797,5313,110.9499173134241
20,2025-09-01,505385.81709041476,4440,113.80123536933323
20,2025-10-01,556972.4270154936,3946,141.12954374747417
20,2025-11-01,614477.2726555151,6231,98.6036465864682
20,2025-12-01,561675.6215507046,4941,113.66860560050054
20,2026-01-01,566078.2387092137,4836,117.03793226571517
20,2026-02-01,643860.5345214524,6370,101.07687021713183
20,2026-03-01,692584.353694247,4829,143.40131936554877
20,2026-04-01,663594.752228019,5602,118.45478489452728
20,2026-05-01,672749.961752191,7035,95.62043643989882
20,2026-06-01,655859.7134354626,6330,103.60090931120635
21,2024-01-01,859585.8555666287,7874,109.16365175842299
21,2024-02-01,849156.8847676326,6030,140.80946083851
21,2024-03-01,802408.1492364377,6649,120.67594088389286
21,2024-04-01,952296.1261046814,7891,120.67852839523907
21,2024-05-01,858091.7467713929,7758,110.59972920902315
21,2024-06-01,791731.9839482877,7256,109.10566135442939
21,2024-07-01,924712.1713849584,6666,138.7060805912825
21,2024-08-01,841273.6793437013,6683,125.86454029266685
21,2024-09-01,629473.6716348897,5000,125.89015360482288
21,2024-10-01,865682.0582212294,7929,109.17705535695802
21,2024-11-01,830022.7294138554,6162,134.69343784007395
21,2024-12-01,888692.0785674582,6266,141.82757018450565
21,2025-01-01,875073.6994488749,8892,98.4012454969356
21,2025-02-01,983223.7203812937,8329,118.03475671126257
21,2025-03-01,927728.2903371452,6601,140.54215794524617
21,2025-04-01,957253.5461262445,8733,109.61145652411797
21,2025-05-01,917638.8010481031,8661,105.94326516049662
21,2025-06-01,958080.2061449881,9019,106.22110299746475
21,2025-07-01,839610.1846120491,6373,131.72906001065869
21,2025-08-01,802788.5145856879,5764,139.25977070828569
21,2025-09-01,783847.377713268,6461,121.31191636131894
21,2025-10-01,784556.6771197437,7433,105.54387969563518
21,2025-11-01,800130.5900586718,6238,128.26325067576374
21,2025-12-01,861868.7231601843,6457,133.47101147297144
21,2026-01-01,893540.3784386235,6938,128.78069015772584
21,2026-02-01,855971.8795785757,7188,119.08074059330056
21,2026-03-01,862623.9752015106,7399,116.57313578726414
21,2026-04-01,1033692.0346069422,9706,106.49880143594616
21,2026-05-01,843557.0366628855,6181,136.47568866972853
21,2026-06-01,918661.3824714761,9194,99.91698374214062
22,2024-01-01,967352.156354569,7963,121.47464786854957
22,2024-02-01,1021001.2645011282,8045,126.90842958529188
22,2024-03-01,882007.2664154025,7737,113.99686670256398
22,2024-04-01,957547.481336531,9807,97.63519761782837
22,2024-05-01,1029860.3402949197,9327,110.40573078267937
22,2024-06-01,977907.9878067141,6969,140.3155442442401
22,2024-07-01,902379.3233048766,7381,122.24968216694526
22,2024-08-01,858055.206843617,7867,109.05959661381434
22,2024-09-01,697189.8089817073,4977,140.08040190234476
22,2024-10-01,908549.6438021485,8922,101.82228708181236
22,2024-11-01,930274.9314340889,9046,102.83594978166458
22,2024-12-01,835005.4166808334,6826,122.31725790638863
22,2025-01-01,931887.4234830163,6649,140.15066550567377
22,2025-02-01,1099821.1517360972,9385,117.18784681128918
22,2025-03-01,933016.2966317046,6900,135.20651828179365
22,2025-04-01,923174.593883739,6750,136.7629868551852
22,2025-05-01,943990.5842119218,7885,119.70500522114018
22,2025-06-01,997479.2920249823,7474,133.45160257227857
22,2025-07-01,915172.7070818833,6582,139.03644932251166
22,2025-08-01,807849.036311468,7973,101.31510813388971
22,2025-09-01,755428.5871356569,5470,138.09047730278843
22,2025-10-01,825579.616168133,7976,103.49603596451297
22,2025-11-01,908914.1479473297,9073,100.16895783721345
22,2025-12-01,880141.8129657857,6076,144.83355870892396
22,2026-01-01,910166.0591814882,7298,124.69762849338551
22,2026-02-01,1003913.0576439413,10009,100.29840008510867
22,2026-03-01,915545.8144451032,8948,102.3106821687029
22,2026-04-01,1066310.6987439082,9738,109.49809176380434
22,2026-05-01,856968.9419516841,6891,124.35777241496615
22,2026-06-01,892232.9196475837,9069,98.37395986200806
23,2024-01-01,696356.7690450414,5633,123.60218130709382
23,2024-02-01,716624.47608057,6119,117.11199005625691
23,2024-03-01,714990.8933863529,5266,135.77302661991058
23,2024-04-01,916372.781872803,8971,102.13751729205381
23,2024-05-01,843742.1099624922,6249,135.0188639049206
23,2024-06-01,803708.410320687,6242,128.74784016053522
23,2024-07-01,815151.9027981558,5800,140.52948933532315
23,2024-08-01,748091.0148454745,7454,100.36043204173623
23,2024-09-01,729491.3338757844,5715,127.63653852539207
23,2024-10-01,644455.7646605334,4464,144.3392597022321
23,2024-11-01,791371.1531208972,7688,102.93239145460393
23,2024-12-01,738091.0002190808,5938,124.29224197173367
23,2025-01-01,706651.0642782237,5145,137.34088972464892
23,2025-02-01,811762.5243245356,8071,100.57759312150525
23,2025-03-01,910565.707145149,8180,111.30333724059301
23,2025-04-01,850034.4562298266,7602,111.81073329123386
23,2025-05-01,910614.1768938699,7248,125.63243136748653
23,2025-06-01,850426.5407466126,5891,144.34940517863834
23,2025-07-01,921216.0831492025,6441,143.01466405170962
23,2025-08-01,788848.6213875524,7703,102.3998198962436
23,2025-09-01,762434.4011526563,7657,99.56555005727385
23,2025-10-01,,4841,143.51756350107982
23,2025-11-01,651623.7539644572,5608,116.17562476267507
23,2025-12-01,739390.7284395855,5768,128.1670954327483
23,2026-01-01,776776.2345469329,5404,143.71628294573864
23,2026-02-01,745990.2645841412,6033,123.63774690148963
23,2026-03-01,867827.0773455485,6676,129.98138555309183
23,2026-04-01,,7233,127.12338944681107
23,2026-05-01,873214.301360654,7527,116.00756403558195
23,2026-06-01,777069.9779497066,7199,107.93091629604547
24,2024-01-01,527006.693096537,4416,119.31468730664211
24,2024-02-01,603470.0824028391,6144,98.21941204589412
24,2024-03-01,721328.9774748113,6384,112.9795803617005
24,2024-04-01,692527.0293758924,5099,135.79951060449514
24,2024-05-01,751303.1142663229,7152,105.04521978019861
24,2024-06-01,561896.2479568808,4518,124.35915995103721
24,2024-07-01,645677.4995284893,4593,140.5733233313935
24,2024-08-01,573918.2975375801,5610,102.29761095239543
24,2024-09-01,647675.2829878036,5848,110.75145764998413
24,2024-10-01,566716.5001153963,4899,115.66334391203416
24,2024-11-01,553793.4574510037,4580,120.90298169274276
24,2024-12-01,555841.5022805971,4195,132.4723967517782
24,2025-01-01,644263.3312348984,6079,105.98081255661079
24,2025-02-01,627502.1090398816,4699,133.5174742623116
24,2025-03-01,705772.65652876,5053,139.65886778517915
24,2025-04-01,640241.9330039461,6161,103.91602979092727
24,2025-05-01,694633.4764562049,6049,114.82701121807939
24,2025-06-01,758263.8550783369,5820,130.2638088531375
24,2025-07-01,570619.1669578023,5030,113.42265864734925
24,2025-08-01,651023.7490600178,4877,133.4794760478382
24,2025-09-01,530030.1711589855,4839,109.5224754102727
24,2025-10-01,576945.5676181336,4082,141.32926741438067
24,2025-11-01,592814.6794182968,5341,110.98546662116829
24,2025-12-01,556674.6876809808,5390,103.2689985910994
24,2026-01-01,622408.908238623,5383,115.62118387865624
24,2026-02-01,659059.6198738129,6254,105.37138653263231
24,2026-03-01,731794.7079955023,7108,102.94233164174322
24,2026-04-01,671729.485564062,5589,120.1852300014596
24,2026-05-01,740096.6977939361,6866,107.78764342692949
24,2026-06-01,659693.7885178934,6074,108.59587520509017
25,2024-01-01,872041.3865902746,8749,99.67126624877635
25,2024-02-01,962460.1589628157,9783,98.37596652107729
25,2024-03-01,1084012.3357107786,9308,116.45269692229893
25,2024-04-01,1017421.3777713659,8006,127.07153520593874
25,2024-05-01,939224.7164930602,7145,131.44937936253882
25,2024-06-01,841858.7101039691,5864,143.55381666192014
25,2024-07-01,821686.2683916015,7469,110.01209725439855
25,2024-08-01,861604.9190367106,6179,139.43945280641032
25,2024-09-01,884950.4672422815,8015,110.40917300337786
25,2024-10-01,732765.6383488746,6046,121.18244387279526
25,2024-11-01,645199.3219110935,5312,121.45118978382365
25,2024-12-01,881807.3035537452,8606,102.45554358568798
25,2025-01-01,863945.899549814,6782,127.3846983362631
25,2025-02-01,1035003.9594164604,7635,135.55880827000536
25,2025-03-01,933948.8923785274,8399,111.19626076041773
25,2025-04-01,907574.2262301585,8035,112.94599704984608
25,2025-05-01,1039991.7428539669,7304,142.3846535786178
25,2025-06-01,947054.1931045236,6709,141.15394811740828
25,2025-07-01,842329.1342613017,8548,98.5312851338071
25,2025-08-01,828086.8485283473,8433,98.1845788778756
25,2025-09-01,885114.3282253124,6142,144.09383553843088
25,2025-10-01,762414.0067005086,5357,142.31176261837393
25,2025-11-01,826815.3522661189,6963,118.72710650660943
25,2025-12-01,836616.5468906998,7670,109.07505065202828
25,2026-01-01,831835.4573850586,7393,112.51479055568846
25,2026-02-01,898584.175820317,7149,125.68799188967253
25,2026-03-01,787174.1507395174,6801,115.7407794965558
25,2026-04-01,759152.7694402431,5746,132.1176958188577
25,2026-05-01,893407.1141000931,7706,115.92659347373674
25,2026-06-01,807219.4472550668,6843,117.94720870719374
26,2024-01-01,1069308.9348363823,7878,135.72563260331899
26,2024-02-01,940559.652465185,8355,112.56801302558125
26,2024-03-01,993565.3085103332,6888,144.2280761688837
26,2024-04-01,1001759.6123813754,9131,109.70307509166533
26,2024-05-01,885507.0660002781,6589,134.37927778952812
26,2024-06-01,1101962.0961938123,9328,118.12873042439249
26,2024-07-01,980249.0277329343,9865,99.35993063303538
26,2024-08-01,897381.7816550523,8837,101.53705731575769
26,2024-09-01,764408.4562659789,6027,126.81530483716956
26,2024-10-01,797356.9666580802,7905,100.86024780807246
26,2024-11-01,910308.7982340839,8359,108.89299460030148
26,2024-12-01,1050068.3168340102,11026,95.22942636068842
26,2025-01-01,972694.9836454612,7070,137.56973061262863
26,2025-02-01,1065165.4954904346,8767,121.49088157622933
26,2025-03-01,1214040.6991780247,11896,102.05068791807086
26,2025-04-01,1008877.2225577175,8024,125.72674540088528
26,2025-05-01,984629.988754321,7682,128.16181436089664
26,2025-06-01,1002107.4898750144,8455,118.51225153009426
26,2025-07-01,895728.5870312373,6396,140.04348047169486
26,2025-08-01,869317.7270094862,9090,95.63292634139883
26,2025-09-01,874012.7400997037,7545,115.83931531137571
26,2025-10-01,801053.6831666225,7329,109.29293245564739
26,2025-11-01,820389.9125450616,6052,135.5409165557987
26,2025-12-01,929191.1933606816,7379,125.90805307913638
26,2026-01-01,1102071.7008088543,9586,114.95907140177866
26,2026-02-01,1029642.945931278,10208,100.86572796598527
26,2026-03-01,,8112,131.75031800070158
26,2026-04-01,1085842.0225709544,9216,117.81953290860723
26,2026-05-01,1028595.5470844661,7198,142.89017594902742
26,2026-06-01,922968.76741706,7132,129.41004134548749
27,2024-01-01,1099491.2780321904,10393,105.78808171129806
27,2024-02-01,1170445.610527743,8670,134.988951913949
27,2024-03-01,1180277.1030104437,10113,116.7045848426335
27,2024-04-01,1358583.0818655146,10084,134.71425474669027
27,2024-05-01,1338281.9876958102,12055,111.00868432597456
27,2024-06-01,1139649.9681345222,7984,142.73885523216813
27,2024-07-01,979962.3730795885,9723,100.7793484161464
27,2024-08-01,1080522.854783171,8983,120.28109864257873
27,2024-09-01,1012729.7785426071,7116,142.30662792660976
27,2024-10-01,836115.0092050391,7084,118.02350463931299
27,2024-11-01,977831.12887478,8137,120.1696077521891
27,2024-12-01,1083915.9429269368,7942,136.46666495562243
27,2025-01-01,993551.320546201,7195,138.0850954070943
27,2025-02-01,1204761.4431769648,11453,105.18629475506401
27,2025-03-01,1275186.817656156,12856,99.18982786393059
27,2025-04-01,1090914.5261381466,8950,121.88787875074814
27,2025-05-01,1302363.240047705,12604,103.32608112923319
27,2025-06-01,1283381.4383163285,13365,96.02187165570204
27,2025-07-01,1200140.4629255815,10628,112.92159145265003
27,2025-08-01,989724.8193791248,9584,103.26282174712412
27,2025-09-01,1019483.0199632329,7752,131.51108911791079
27,2025-10-01,923167.6675110152,9475,97.4282599362793
27,2025-11-01,965570.8581985161,9802,98.50413586833712
27,2025-12-01,1073724.5460153774,9735,110.28675234787383
27,2026-01-01,1054449.9498665573,8783,120.05087362670957
27,2026-02-01,1244198.1171923243,10213,121.82047991668387
27,2026-03-01,1195097.5115816495,12210,97.87559613057462
27,2026-04-01,1180995.212236876,10972,107.63222452807905
27,2026-05-01,1150979.6575556027,11002,104.60914621421963
27,2026-06-01,1255461.1468004386,9991,125.65589775598167
28,2024-01-01,970457.7871738838,9266,104.72192630291693
28,2024-02-01,1164877.274607673,9946,117.1182032139517
28,2024-03-01,1359391.2251260392,13391,101.51494180411488
28,2024-04-01,1325381.1465164588,9227,143.63572169615495
28,2024-05-01,1259773.270233259,11782,106.92050488655013
28,2024-06-01,1142788.2493195029,8083,141.36432126802345
28,2024-07-01,1163170.367808328,8686,133.90629088140102
28,2024-08-01,1128864.0049388036,9405,120.02040520781675
28,2024-09-01,1028787.4918541552,7826,131.45106446624212
28,2024-10-01,913932.9437987129,8970,101.87788979052951
28,2024-11-01,993575.7200044296,8406,118.18600820230422
28,2024-12-01,1118920.4469194901,9594,116.61789299228232
28,2025-01-01,1088257.2242531553,8181,133.00975011784504
28,2025-02-01,1009799.9455567368,8426,119.84187388091803
28,2025-03-01,1184206.6967967744,8575,138.0935326511208
28,2025-04-01,1308982.9798865896,10812,121.06155101244121
28,2025-05-01,1173094.7733373793,9902,118.4642656627442
28,2025-06-01,1237788.1313121023,10778,114.8429393854569
28,2025-07-01,1205750.6770380277,10852,111.10730620398469
28,2025-08-01,1178388.6403401054,10567,111.51329757132484
28,2025-09-01,1085027.3086029347,7691,141.06131508009491
28,2025-10-01,1068075.5106313338,9549,111.84268482031817
28,2025-11-01,933809.5451925102,8056,115.90608898695906
28,2025-12-01,1047655.7658940401,9981,104.96243664233215
28,2026-01-01,1136469.908808501,7858,144.6228860831196
28,2026-02-01,1272975.3805710052,9153,139.06936649268104
28,2026-03-01,1245439.0786522506,12221,101.90409236333325
28,2026-04-01,1195063.1973928357,8905,134.19295508272643
28,2026-05-01,1185412.6928476316,10379,114.20715290702347
28,2026-06-01,989125.1271061045,9495,104.16528691484584
29,2024-01-01,698138.6627048437,5631,123.96645490710483
29,2024-02-01,766859.5365837802,7068,108.48400057720997
29,2024-03-01,773027.4363370507,7310,105.74566382352151
29,2024-04-01,698010.3933380711,5595,124.73994490978777
29,2024-05-01,799901.4654811316,6846,116.8377315994714
29,2024-06-01,626953.7458221003,4359,143.79887050577804
29,2024-07-01,597720.5039591843,4385,136.2980264039083
29,2024-08-01,654561.5474670704,5218,125.43165342429351
29,2024-09-01,547571.964782376,5165,106.01316137150812
29,2024-10-01,620724.9224892581,4320,143.65731778642314
29,2024-11-01,657468.0673991084,4719,139.3151937617973
29,2024-12-01,679503.2465852799,5657,120.11077876702979
29,2025-01-01,723899.6418611646,5121,141.3410595202904
29,2025-02-01,753731.5699331587,5208,144.70383301339493
29,2025-03-01,672091.1541974844,4768,140.93331209685712
29,2025-04-01,785991.7940946614,6169,127.40431447580208
29,2025-05-01,707395.8389400418,5686,124.40352782232338
29,2025-06-01,631407.7964227458,5054,124.908446345058
29,2025-07-01,739721.2053454277,5527,133.82175913461046
29,2025-08-01,665590.6772301492,5039,132.07333162178162
29,2025-09-01,587614.4888648317,4779,122.93775956984301
29,2025-10-01,628810.5358810752,5110,123.05367104885565
29,2025-11-01,677594.2393688266,4712,143.77723343646622
29,2025-12-01,657503.3877407681,5553,118.39635502920466
29,2026-01-01,820095.1666436471,6981,117.45950623329269
29,2026-02-01,792002.4126330949,7995,99.05065872299528
29,2026-03-01,753921.8255376406,7122,105.85025872658773
29,2026-04-01,698025.8714451059,6555,106.4802131299578
29,2026-05-01,754105.6157444398,6473,116.48545042711392
29,2026-06-01,730902.7625909514,5827,125.41452188208375
30,2024-01-01,711263.9322836899,5875,121.05146298381788
30,2024-02-01,835779.8764438693,6368,131.24419442084425
30,2024-03-01,780570.0477115837,5919,131.86659664662676
30,2024-04-01,827847.7490723326,6842,120.98165993362574
30,2024-05-01,835240.9477745141,6955,120.08261002073066
30,2024-06-01,764459.9652825395,5696,134.19209695127256
30,2024-07-01,592684.5634331066,4604,128.72645410321138
30,2024-08-01,691910.8719441334,6338,109.15418382649652
30,2024-09-01,662549.8767079568,5076,130.5169398003024
30,2024-10-01,720748.6751877008,7135,101.01415555231347
30,2024-11-01,730968.906073304,5098,143.36147034625606
30,2024-12-01,751927.6320648574,5912,127.18051171857478
30,2025-01-01,759058.865031074,7949,95.49086071246222
30,2025-02-01,793196.0188500406,6280,126.29567883977604
30,2025-03-01,873446.3239809168,6150,142.0037747012466
30,2025-04-01,818566.5001480009,7956,102.8844167675398
30,2025-05-01,892963.3662749748,6730,132.67884327618202
30,2025-06-01,787084.1539536616,7320,107.51203113274126
30,2025-07-01,822407.0289653299,6661,123.45362572744109
30,2025-08-01,723169.2894874273,5872,123.14230481210902
30,2025-09-01,722440.8042362374,6794,106.3291050910379
30,2025-10-01,690570.6467559941,4931,140.03414666274995
30,2025-11-01,693668.7918055494,5175,134.02248603235617
30,2025-12-01,648720.8498629455,5573,116.39036056536366
30,2026-01-01,862019.3680809543,6986,123.37555847002122
30,2026-02-01,785724.1188308266,6786,115.77697721693278
30,2026-03-01,913756.1362275245,8213,111.24404425740369
30,2026-04-01,873782.2978271528,8371,104.37370509505554
30,2026-05-01,800611.6116157079,8067,99.24181445399135
30,2026-06-01,727988.3271634323,6269,116.11187707213672
31,2024-01-01,928066.4417405317,9192,100.95451685016823
31,2024-02-01,1004854.9580891957,7856,127.90320080784291
31,2024-03-01,877866.8256635693,8485,103.45883209619116
31,2024-04-01,1162967.2100445163,11499,101.13355947356159
31,2024-05-01,1011462.2230313987,8805,114.86782625042804
31,2024-06-01,917119.5070600847,9196,99.72073974155226
31,2024-07-01,1034833.9838891441,7485,138.2366178749543
31,2024-08-01,876575.0913640445,8454,103.68320901825498
31,2024-09-01,784840.2286953069,6460,121.48251087431876
31,2024-10-01,890838.851728992,8754,101.76119717378663
31,2024-11-01,798361.9151983641,6043,132.1026982651793
31,2024-12-01,802978.5223809223,6080,132.054130460189
31,2025-01-01,,7351,115.89550787800405
31,2025-02-01,821270.003147671,6988,117.52226998131628
31,2025-03-01,963342.7851437185,9985,96.47231325423664
31,2025-04-01,975830.6609545706,9103,107.19128423830541
31,2025-05-01,919329.0129019843,6947,132.32522706519543
31,2025-06-01,1001560.9169746842,7230,138.51591507445744
31,2025-07-01,882147.626952319,6839,128.9836988007036
31,2025-08-01,699217.0816841585,5587,125.13589546088778
31,2025-09-01,756940.2723251048,6622,114.30476192457519
31,2025-10-01,848632.696549814,6136,138.30240037818317
31,2025-11-01,881153.0676922565,9204,95.72651962342489
31,2025-12-01,938872.389166463,6799,138.0820065732426
31,2026-01-01,764990.7461425471,6298,121.46450442688486
31,2026-02-01,998073.3582589086,9948,100.32385161041111
31,2026-03-01,981985.5852587657,6824,143.88093696924855
31,2026-04-01,1057650.9917253118,7364,143.61498888596873
31,2026-05-01,992670.5568665708,7138,139.0586083793072
31,2026-06-01,993517.5117623514,7219,137.60753854686467
32,2024-01-01,983005.5918068277,10140,96.93568419689464
32,2024-02-01,1065273.1260414217,8834,120.58396152455619
32,2024-03-01,1181158.7631971836,10833,109.02569567065729
32,2024-04-01,1107604.6101813498,9654,114.72471848252975
32,2024-05-01,1061165.5408845171,7639,138.90955125055206
32,2024-06-01,1042030.5066406052,8668,120.20588255071729
32,2024-07-01,1208531.243973118,9527,126.84313844257568
32,2024-08-01,1100521.0940769264,9107,120.83607481721957
32,2024-09-01,938579.3161455897,9424,99.5908195851351
32,2024-10-01,883451.9847709645,6210,142.26162351770438
32,2024-11-01,942174.2823338675,7237,130.1864572900513
32,2024-12-01,1059463.3192069903,9477,111.7827569840256
32,2025-01-01,910554.7249501587,6957,130.88281776637965
32,2025-02-01,1120425.1924623689,11259,99.51356527308599
32,2025-03-01,1070241.829564152,9612,111.3442707022815
32,2025-04-01,1197559.35146498,10482,114.242731927054
32,2025-05-01,1006362.5237846168,7862,128.00278075706464
32,2025-06-01,967165.2123765975,8192,118.05475761550892
32,2025-07-01,1122715.1012853326,7963,140.98137079112615
32,2025-08-01,978222.0255538516,7806,125.30610818368051
32,2025-09-01,1108434.377859859,8136,136.23767900017486
32,2025-10-01,1009764.879859858,7475,135.07662334518776
32,2025-11-01,937850.6345914342,6558,142.99625743424696
32,2025-12-01,1109019.2728872676,10936,101.40199728596397
32,2026-01-01,1134596.1294604593,9431,120.29954080041362
32,2026-02-01,1011308.3377249631,9153,110.47806376361825
32,2026-03-01,1097013.8399480893,9032,121.45454096238987
32,2026-04-01,,9544,113.90301393476518
32,2026-05-01,1011841.2185537361,7000,144.52824493176146
32,2026-06-01,1239515.03379593,9272,133.67146789004335
33,2024-01-01,796585.5756364325,6801,117.11691850738126
33,2024-02-01,765932.3832569661,7641,100.2323039707106
33,2024-03-01,780646.7587903512,6641,117.54119951335537
33,2024-04-01,755050.4605147709,7734,97.61921216749043
33,2024-05-01,831263.5591207613,5739,144.83616945266363
33,2024-06-01,710794.7396680127,5073,140.10018877644322
33,2024-07-01,916468.8115712035,9391,97.58226185083008
33,2024-08-01,742167.0282948127,6760,109.78735032354014
33,2024-09-01,645163.7527818541,6160,104.72666759580918
33,2024-10-01,600390.5824120274,4656,128.93098474073614
33,2024-11-01,598561.5449190234,5465,109.5113774479813
33,2024-12-01,752963.5565762351,6264,120.1996069703819
33,2025-01-01,885878.0916752502,6612,133.97087708605085
33,2025-02-01,656804.7813744941,5384,121.98202168024379
33,2025-03-01,846821.9640700542,6130,138.12981428142893
33,2025-04-01,851553.8827702515,8108,105.02226195963753
33,2025-05-01,833283.3352328449,5835,142.78415899540482
33,2025-06-01,767792.4669441937,5649,135.89860662346393
33,2025-07-01,712329.2619145759,5748,123.92011502270607
33,2025-08-01,747213.9293971383,6690,111.69035878314195
33,2025-09-01,693524.8258717123,5582,124.23487583224
33,2025-10-01,711081.810080044,6143,115.74021529230114
33,2025-11-01,667165.287675528,5553,120.13847897251212
33,2025-12-01,726258.5799543668,7540,96.31384866494714
33,2026-01-01,769762.649699513,7784,98.88227946938923
33,2026-02-01,794903.2675647148,7235,109.86258322237694
33,2026-03-01,755028.9717429361,7488,100.8262219673436
33,2026-04-01,707590.3489754543,5276,134.11207345164718
33,2026-05-01,879254.6627857527,6777,129.72483969695136
33,2026-06-01,859981.048976451,6940,123.90816120799576
34,2024-01-01,1298954.723290462,13374,97.11915204388376
34,2024-02-01,1317541.4243197753,12911,102.04519545383134
34,2024-03-01,1417247.8764503705,11316,125.24164413167091
34,2024-04-01,1356399.1417591502,13337,101.70012500014536
34,2024-05-01,1477299.320676011,10459,141.23591261105156
34,2024-06-01,1422097.4727025055,12045,118.06162402416467
34,2024-07-01,1352647.1236563358,13714,98.63091399731618
34,2024-08-01,1263937.4088292597,11963,105.6494339718424
34,2024-09-01,1203993.2304434814,10774,111.74965598328248
34,2024-10-01,1201455.8963037194,9436,127.31645196187621
34,2024-11-01,1028724.5123795529,8099,127.00891269790658
34,2024-12-01,1405787.3824673146,13631,103.12532970479752
34,2025-01-01,1300016.5846570528,9148,142.10583942537963
34,2025-02-01,1515570.4280480547,14838,102.13727126961517
34,2025-03-01,1654906.7161828205,14737,112.2897546485011
34,2025-04-01,1381229.4257804935,10848,127.32054811867773
34,2025-05-01,1574487.5342636679,14270,110.33533084639916
34,2025-06-01,1401751.1003653759,10099,138.79501768336362
34,2025-07-01,1486871.609651575,14192,104.76647236832116
34,2025-08-01,1383455.8543411263,13338,103.72094646385963
34,2025-09-01,1270254.1863987017,9338,136.02930721552906
34,2025-10-01,1171380.951978467,8680,134.94529870542016
34,2025-11-01,1235277.859807116,9324,132.46982001567076
34,2025-12-01,1146654.2876261026,8466,135.43009932949195
34,2026-01-01,1320652.8032850323,10735,123.01891401154192
34,2026-02-01,1497147.876359343,13222,113.22923509768125
34,2026-03-01,1305073.4937263427,12081,108.0255437892512
34,2026-04-01,1408161.5279892026,13935,101.05083155336483
34,2026-05-01,1669104.5615587598,16321,102.26628427362756
34,2026-06-01,1372790.881265965,10770,127.45621505876102
35,2024-01-01,843798.1402921337,6456,130.68151599311193
35,2024-02-01,1058657.7681025115,8014,132.097212580259
35,2024-03-01,1075552.9061353966,8533,126.03772162750558
35,2024-04-01,989421.7214861787,9612,102.93118591422105
35,2024-05-01,1005096.5164096035,9278,108.32854352717183
35,2024-06-01,1151529.2555905313,9799,117.5147111718205
35,2024-07-01,921782.2995210817,9262,99.51302330844815
35,2024-08-01,926764.9904109695,7258,127.6797490083753
35,2024-09-01,850200.2968329861,7173,118.52707387693695
35,2024-10-01,802773.3185193323,6024,133.24362748053153
35,2024-11-01,927044.862601214,8599,107.80645153960461
35,2024-12-01,730562.7859406171,6468,112.93324494739032
35,2025-01-01,923836.4607157133,7891,117.06613719465875
35,2025-02-01,957583.8608285208,9372,102.1731226695105
35,2025-03-01,1071086.5520750291,10560,101.42241724932683
35,2025-04-01,997490.3182921064,7216,138.21890242625193
35,2025-05-01,950731.3603823013,7346,129.41018582740637
35,2025-06-01,1021882.3052477313,7205,141.82152963211547
35,2025-07-01,1005831.1832776034,8824,113.98118878229329
35,2025-08-01,809474.3041783043,6277,128.9533244788326
35,2025-09-01,897568.8999450778,6883,130.39757697399608
35,2025-10-01,734495.8186311674,7686,95.55161655360368
35,2025-11-01,737331.660277152,6289,117.23623147927897
35,2025-12-01,963465.3693604411,6911,139.39755917514196
35,2026-01-01,872988.4820321979,8384,104.12516535967883
35,2026-02-01,1026816.1121912671,7664,133.9764977768127
35,2026-03-01,981180.5377816425,10074,97.3928259497767
35,2026-04-01,,9568,120.46333780149381
35,2026-05-01,1002497.5083507928,8046,124.5803142442978
35,2026-06-01,931284.2008748485,7614,122.30140411287609
36,2024-01-01,1036473.0017038778,9346,110.89313288303892
36,2024-02-01,1123882.4537514963,11521,97.54369184862746
36,2024-03-01,1051802.6414981508,9012,116.70197992488842
36,2024-04-01,1062762.8120030204,9824,108.17608922373023
36,2024-05-01,992606.5035629125,9600,103.39165620440107
36,2024-06-01,1057946.620250454,7521,140.65019316095362
36,2024-07-01,904525.49745721,6794,133.1183364024547
36,2024-08-01,838811.6483501842,6021,139.31283280234243
36,2024-09-01,843951.8647645623,6635,127.18660271612339
36,2024-10-01,992050.3815376608,10196,97.28940796562526
36,2024-11-01,802705.8544317465,5972,134.39699020636675
36,2024-12-01,916994.6066037399,7461,122.90147842179645
36,2025-01-01,947527.9969264093,7762,122.05953316191943
36,2025-02-01,948453.2805176917,7674,123.57762489737837
36,2025-03-01,1179669.1368038545,8395,140.51120287908475
36,2025-04-01,1158720.4380041133,9582,120.91528709198752
36,2025-05-01,1157971.1703716377,10768,107.53006637577093
36,2025-06-01,966056.2923959009,8060,119.84416073191076
36,2025-07-01,1176313.8303927642,8933,131.67349536649394
36,2025-08-01,1020737.0384941302,8702,117.29804588983805
36,2025-09-01,891245.1259542392,7864,113.32266402977132
36,2025-10-01,1003819.8547996283,9077,110.58754629405725
36,2025-11-01,930520.44193807,9135,101.86108745979259
36,2025-12-01,915020.3258356525,9438,96.9496782112453
36,2026-01-01,941259.5552554451,7267,129.52395001396462
36,2026-02-01,990835.3356939632,7303,135.6676263052245
36,2026-03-01,1078731.5785222196,8634,124.93301028454655
36,2026-04-01,988169.8836967204,7504,131.68405419754816
36,2026-05-01,1048433.9287831581,8902,117.76478807120736
36,2026-06-01,1020133.936965712,7159,142.47966630877553
37,2024-01-01,509048.73139756336,5319,95.70215421422607
37,2024-02-01,467919.5828882095,3646,128.30391269983937
37,2024-03-01,569249.2219577825,4417,128.85725415969353
37,2024-04-01,554876.0426517134,4053,136.88939112962478
37,2024-05-01,584526.9894759499,4086,143.04662643739584
37,2024-06-01,592655.0434318325,4283,138.3514070252317
37,2024-07-01,567375.995995903,4338,130.77085085200363
37,2024-08-01,446231.43792663445,4233,105.39862992544639
37,2024-09-01,432383.31304623274,3621,119.40565853483366
37,2024-10-01,473681.53358620364,4251,111.40560991488421
37,2024-11-01,455268.45881679014,4658,97.73598282494129
37,2024-12-01,510766.73568513634,4418,115.58957003815001
37,2025-01-01,552805.3153422687,5639,98.0264538735598
37,2025-02-01,573888.7577414069,5891,97.40500735562752
37,2025-03-01,632615.0449760096,4780,132.33347022657844
37,2025-04-01,593026.1593608201,4240,139.8325785178812
37,2025-05-01,559032.4847070309,4834,115.62736590902145
37,2025-06-01,616134.6496585627,4416,139.50653493454237
37,2025-07-01,513944.8092953633,5395,95.24696739295241
37,2025-08-01,516033.00073614006,4615,111.81043017159224
37,2025-09-01,487793.9251426422,3796,128.4770092459345
37,2025-10-01,539214.3147963046,5237,102.94697961099506
37,2025-11-01,499346.09621112165,3505,142.45716009706985
37,2025-12-01,565981.5868471398,4420,128.02509210628392
37,2026-01-01,555725.9690635892,4994,111.26973820138325
37,2026-02-01,560212.3418232191,3963,141.34331942578098
37,2026-03-01,554867.7524984584,5327,104.14629429356957
37,2026-04-01,593642.7486509228,5284,112.34531808430874
37,2026-05-01,558711.4879265181,4516,123.71060837927429
37,2026-06-01,562087.4323299858,5480,102.55849180575014
38,2024-01-01,847427.5243720341,6386,132.68045813614532
38,2024-02-01,983366.4900587391,7281,135.05768675142826
38,2024-03-01,992015.8873915066,8159,121.57388178514792
38,2024-04-01,949559.6128369181,6709,141.52321151404473
38,2024-05-01,868076.2135322901,7872,110.26777068671066
38,2024-06-01,941732.836441389,7427,126.78969530653336
38,2024-07-01,820179.1301217147,6487,126.42423048027302
38,2024-08-01,762961.7244192393,6052,126.05142050045475
38,2024-09-01,780475.7190514035,6159,126.72098310690777
38,2024-10-01,899393.977384003,8609,104.45956836504389
38,2024-11-01,773028.1677549531,6243,123.81992950698691
38,2024-12-01,739384.1120313861,6911,106.97198802392965
38,2025-01-01,753382.478032517,5696,132.2592308096954
38,2025-02-01,913667.1022549749,9118,100.19398064311895
38,2025-03-01,855311.87542136,5938,144.03695239576192
38,2025-04-01,900755.6049213026,8309,108.40557044239655
38,2025-05-01,832412.8707432239,7071,117.71908587536416
38,2025-06-01,869869.7454116539,6841,127.14609724061977
38,2025-07-01,795205.9355067551,6050,131.42450614587025
38,2025-08-01,939251.3305269673,8020,117.09921763670474
38,2025-09-01,804735.401269086,6785,118.60164907394221
38,2025-10-01,732126.6436432677,7587,96.48519106561173
38,2025-11-01,713675.5756328169,5069,140.76550889578783
38,2025-12-01,793524.8739762339,7126,111.34076049206597
38,2026-01-01,792763.1017519684,5560,142.5651037569443
38,2026-02-01,805686.9207679452,7115,113.22318790300582
38,2026-03-01,881144.9474935848,9059,97.2615229718951
38,2026-04-01,848931.8034402377,6601,128.59567961363015
38,2026-05-01,811543.5191616548,7737,104.8911688263416
38,2026-06-01,813341.7659304454,7450,109.16985190035086
39,2024-01-01,772636.1694176671,7828,98.6899689819127
39,2024-02-01,990236.3344572876,7645,129.52003329457753
39,2024-03-01,918195.3267304278,7830,117.25511777324724
39,2024-04-01,1049939.3978934716,10089,104.05943930147158
39,2024-05-01,991199.8674445447,7455,132.94111851650194
39,2024-06-01,,6711,135.12703489696202
39,2024-07-01,928552.2750346288,7192,129.1062675145422
39,2024-08-01,735545.8526169555,5287,139.11073702097661
39,2024-09-01,940598.7725158405,7571,124.23390015094324
39,2024-10-01,822836.9129516125,7490,109.856018207559
39,2024-11-01,826168.4560547519,6014,137.3599799940001
39,2024-12-01,808686.5749348666,6373,126.875368563638
39,2025-01-01,983977.2705717973,6878,143.06048987114056
39,2025-02-01,,9781,103.96889808384952
39,2025-03-01,976076.0267130048,9172,106.4162446225293
39,2025-04-01,1085171.5853836406,10560,102.75635738728066
39,2025-05-01,1033104.1673368262,7125,144.98357094626732
39,2025-06-01,1079516.9293699216,8068,133.7883076165691
39,2025-07-01,928821.268954894,6418,144.71579390996374
39,2025-08-01,782026.5292511942,7923,98.7001172184302
39,2025-09-01,751189.1303647797,5461,137.5490096768679
39,2025-10-01,774931.1566249782,7428,104.31600142549009
39,2025-11-01,808925.0458865731,7475,108.2037606986593
39,2025-12-01,977962.5607807223,8802,111.09535700952003
39,2026-01-01,908642.5122503921,7716,117.75539481987173
39,2026-02-01,874524.0227274599,6292,138.98750951269255
39,2026-03-01,1120297.619635479,7977,140.43969613194295
39,2026-04-01,1022809.2002655676,7852,130.25038705478647
39,2026-05-01,954852.8766750306,8069,118.3336611787253
39,2026-06-01,891656.5534935552,8212,108.5742156450023
40,2024-01-01,875649.2919075618,6309,138.78913164502902
40,2024-02-01,963482.4085603704,9191,104.81909874414532
40,2024-03-01,877434.8806925002,6234,140.73375036412133
40,2024-04-01,825176.9331398562,6946,118.7877577422048
40,2024-05-01,1046766.465483568,10440,100.25539006654047
40,2024-06-01,907219.7143919738,7857,115.46639940578078
40,2024-07-01,787570.8079169904,7686,102.46452707063553
40,2024-08-01,741232.1044629005,5995,123.63266664556994
40,2024-09-01,775966.5245306197,5863,132.3369722636169
40,2024-10-01,802921.4999517791,7641,105.06783230894173
40,2024-11-01,904115.4435558676,6782,133.30197598518248
40,2024-12-01,876340.9823153127,6823,128.4237424661202
40,2025-01-01,816562.6595114508,7292,111.98008519273993
40,2025-02-01,782253.1037899418,6267,124.81330421262328
40,2025-03-01,925324.5844254239,7442,124.32560924935943
40,2025-04-01,918527.3697115023,8551,107.41260511120001
40,2025-05-01,939736.336266284,8420,111.60154961462194
40,2025-06-01,941510.1744170097,7662,122.87194657511249
40,2025-07-01,893111.2062475823,7054,126.60297804823827
40,2025-08-01,802282.7767311767,7856,102.1208125059286
40,2025-09-01,676349.6234154437,5866,115.28255304938216
40,2025-10-01,791564.8100655673,7060,112.10685346718184
40,2025-11-01,773188.7904073105,7045,109.73481676880262
40,2025-12-01,747552.9755090476,5631,132.7525186888488
40,2026-01-01,878835.8075750172,6103,143.99328121247447
40,2026-02-01,894983.8066828847,7327,122.14669114332602
40,2026-03-01,1007362.1114469322,7816,128.87666563182532
40,2026-04-01,1059550.8916154483,7475,141.7383802425085
40,2026-05-01,940267.4797708048,9383,100.20496688995435
40,2026-06-01,728289.5805395687,6572,110.81517062332422
