store_id,city,zone_type,opening_year,area_m2,parking_spaces,nearby_competitors,distance_to_nearest_store_km,state,avg_monthly_sales,avg_monthly_tickets,avg_ticket
1,León,Residencial,2020,170.0,6,8,11.86,Guanajuato,994930.1105297734,8144.033333333334,123.18148973998046
2,Mérida,Residencial,2019,134.0,13,7,4.52,Yucatán,716195.4462563798,6066.6,119.96921755383813
3,León,Oficinas,2019,159.0,28,15,10.0,Guanajuato,1171028.6357744352,9710.766666666666,121.88761589806715
4,Monterrey,Comercial,2021,176.0,12,1,1.25,Nuevo León,1039563.5165308383,9184.233333333334,114.15948454598947
5,Querétaro,Universitaria,2022,159.0,20,3,0.56,Querétaro,881718.0036588748,7429.2,120.73183716673813
6,Monterrey,Universitaria,2023,125.0,4,1,10.7,Nuevo León,951561.9460195913,7755.8,124.31777732634255
7,León,Universitaria,2019,107.0,23,8,10.98,Guanajuato,875570.3575162352,7281.866666666667,121.70244540829376
8,Guadalajara,Oficinas,2018,169.0,16,14,2.79,Jalisco,866024.8437476679,7349.7,119.15042170741997
9,Puebla,Comercial,2018,76.0,0,7,0.82,Puebla,1089693.071714864,8798.2,125.46853658278023
10,Monterrey,Mixta,2021,65.0,25,5,9.9,Nuevo León,978887.5451225977,8096.0,122.24919425832833
11,Puebla,Oficinas,2019,164.0,8,1,3.28,Puebla,1113386.0373877299,9253.133333333333,121.94894136655425
12,Guadalajara,Universitaria,2024,169.0,24,2,1.14,Jalisco,735550.2304185438,5970.066666666667,124.93499889371839
13,León,Residencial,2021,146.0,20,5,1.28,Guanajuato,961519.4969062424,7986.333333333333,121.1973274759534
14,Guadalajara,Comercial,2021,106.0,26,2,5.95,Jalisco,804307.1132873927,6627.266666666666,122.87647312070058
15,CDMX,Mixta,2021,75.0,26,2,6.36,CDMX,473346.2242458129,4021.6,118.7805732187445
16,Guadalajara,Residencial,2023,119.0,13,14,5.29,Jalisco,834271.609124108,7119.666666666667,118.75071235628265
17,León,Comercial,2019,100.0,13,13,3.44,Guanajuato,1180359.2096562455,10040.1,119.53571954652723
18,Oaxaca,Mixta,2025,85.0,8,9,4.89,Oaxaca,875922.3952918167,7401.633333333333,120.64494851360588
19,Guadalajara,Mixta,2019,105.0,14,3,9.78,Jalisco,656778.4316621514,5358.166666666667,123.75450874510122
20,CDMX,Mixta,2020,109.0,6,2,9.83,CDMX,615680.6867833645,5426.233333333334,115.21941103678505
21,León,Mixta,2021,60.0,1,11,8.39,Guanajuato,866432.4717552473,7257.7,121.09502414853635
22,CDMX,Universitaria,2021,95.0,30,14,11.92,CDMX,917824.1189650655,7833.766666666666,119.26811131864332
23,Oaxaca,Comercial,2021,89.0,6,6,5.16,Oaxaca,790577.2955890037,6525.533333333334,123.15779217254622
24,Guadalajara,Comercial,2021,61.0,8,7,2.69,Jalisco,634490.7758564743,5471.066666666667,117.30182274083872
25,Puebla,Universitaria,2018,143.0,23,9,6.11,Puebla,874376.6949754203,7336.566666666667,120.76692022034776
26,León,Universitaria,2024,128.0,10,1,6.28,Guanajuato,968920.9475457143,8244.166666666666,119.36307899479465
27,Mérida,Comercial,2024,90.0,12,14,5.14,Yucatán,1122031.9290595383,9828.466666666667,115.9742061103123
28,Querétaro,Mixta,2019,,12,3,2.58,Querétaro,1137174.7504173585,9532.1,120.5734650857186
29,CDMX,Residencial,2025,153.0,25,11,1.05,CDMX,696694.9159141489,5665.066666666667,124.76313366914509
30,CDMX,Universitaria,2024,162.0,10,10,7.45,CDMX,769837.5847692447,6463.366666666667,120.65779823968731
31,Querétaro,Comercial,2024,120.0,27,12,3.56,Querétaro,913997.7140339718,7729.7,120.39224226525484
32,Guadalajara,Oficinas,2021,125.0,17,8,10.64,Jalisco,1056423.4247869065,8780.666666666666,122.00873988924552
33,Oaxaca,Comercial,2019,176.0,7,11,7.22,Oaxaca,758740.5973415909,6493.3,118.51086778423685
34,Puebla,Mixta,2024,136.0,13,10,5.99,Puebla,1361362.439885438,11846.7,117.1425693818742
35,Monterrey,Oficinas,2022,127.0,12,3,2.47,Nuevo León,944046.5622832847,8009.533333333334,119.19211328875764
36,Querétaro,Mixta,2024,104.0,27,13,1.15,Querétaro,999604.4345755442,8402.066666666668,120.65819597769551
37,Oaxaca,Universitaria,2021,111.0,1,10,2.31,Oaxaca,539968.2321322485,4588.5,119.28419557961254
38,Monterrey,Residencial,2024,67.0,23,10,4.39,Nuevo León,840497.763042719,7047.566666666667,120.7841696617571
39,Querétaro,Oficinas,2019,162.0,9,11,5.57,Querétaro,922098.927051023,7623.133333333333,122.60099190086405
40,Oaxaca,Universitaria,2023,148.0,14,7,8.36,Oaxaca,863371.0381679232,7286.3,119.78200109784468
