zone_id,city,zone_type,population_1km,workers_1km,students_1km,avg_income_index,competitors_1km,cafes_1km,restaurants_1km,transit_stations_1km,office_density_index,commercial_density_index,university_density_index,avg_rent_mxn_m2,foot_traffic_index,nearest_store_id,distance_nearest_store_km
Z01,Puebla,Mixta,14582,15368,560,1.01,11,26,69,4,0.77,0.47,0.6,301.0,0.27,36,2.09
Z02,Oaxaca,Universitaria,47719,41268,1687,1.07,4,4,26,1,0.39,0.03,0.55,541.0,0.5,18,3.89
Z03,Mérida,Oficinas,26204,29219,13324,0.77,8,18,85,5,0.97,0.88,0.58,348.0,0.26,11,1.24
Z04,Puebla,Universitaria,66423,44476,8608,0.72,7,16,41,5,0.79,0.14,0.84,469.0,0.73,24,5.5
Z05,Puebla,Oficinas,15119,41365,19726,1.17,5,27,54,3,0.77,0.02,0.53,816.0,0.31,20,1.33
Z06,Querétaro,Oficinas,64603,21813,12135,1.22,7,12,57,3,0.61,0.23,0.09,242.0,0.91,32,3.43
Z07,Monterrey,Residencial,16091,31106,13407,0.87,2,10,94,2,0.86,0.71,0.96,365.0,0.98,22,8.91
Z08,León,Universitaria,14274,13584,7951,1.37,11,12,40,8,0.38,0.24,0.5,614.0,0.95,12,9.07
Z09,Puebla,Mixta,42274,41566,3804,1.65,4,16,84,6,0.8,0.73,0.95,778.0,0.8,40,4.47
Z10,Oaxaca,Oficinas,62299,15756,13465,1.23,20,28,12,1,0.57,0.68,0.22,610.0,0.53,3,7.06
Z11,León,Mixta,22120,6871,24416,1.23,11,27,15,1,0.94,0.18,0.84,497.0,0.45,30,7.0
Z12,Mérida,Residencial,63663,41095,24697,0.65,6,11,26,4,0.88,0.06,0.08,305.0,0.26,23,7.23
Z13,CDMX,Comercial,58073,19654,10219,1.15,7,16,64,8,0.26,0.56,0.19,420.0,0.89,26,8.82
Z14,Monterrey,Oficinas,60761,24836,15305,1.68,7,9,22,6,0.1,0.1,0.85,810.0,0.95,20,9.87
Z15,Mérida,Comercial,25364,17017,7715,0.68,1,23,19,8,0.76,0.05,0.34,341.0,0.7,35,8.78
Z16,CDMX,Residencial,23380,7205,2957,,19,6,22,4,0.41,0.06,0.29,758.0,0.26,21,6.34
Z17,Puebla,Universitaria,31278,20128,24993,0.96,2,18,56,8,0.26,0.77,0.16,724.0,0.94,3,2.17
Z18,CDMX,Mixta,50680,18916,4686,1.55,10,13,71,7,0.3,0.7,0.68,688.0,0.99,36,1.54
Z19,Puebla,Oficinas,65449,21120,596,1.03,10,5,83,2,0.25,0.44,0.32,483.0,0.51,15,0.91
Z20,Querétaro,Oficinas,40820,37957,9593,0.9,15,9,85,4,0.62,0.95,0.09,216.0,0.83,18,1.91
